{
  "schemaVersion": 1,
  "id": "spinsense",
  "version": "1.0.0",
  "name": "SpinSense",
  "description": "A Fabric mod for spinning with ease.",
  "contact": {
    "homepage": "https://yourwebsite.com",
    "sources": "https://github.com/yourusername/spinsense-mod"
  },
  "license": "MIT",
  "icon": "icon.png",
  "environment": "*"
}
	"entrypoints": {
		"main": [
			"com.spinsense.trackpadrotate.SpinSense"
		],
		"client": [
			"com.spinsense.trackpadrotate.SpinSenseClient"
		]
	},
	"mixins": [
		"spinsense.mixins.json",
		{
			"config": "spinsense.client.mixins.json",
			"environment": "client"
		}
	],
	"depends": {
		"fabricloader": ">=0.15.7",
		"minecraft": "~1.20.4",
		"java": ">=17",
		"fabric-api": "*"
	},
	"suggests": {
		"another-mod": "*"
	}
}